{
  "navigation": {
    "Dashboards": [
      {
        "name": "Dashboard Analytics",
        "icon": "tabler-smart-home",
        "url": "index.html"
      },
      {
        "name": "Dashboard CRM",
        "icon": "tabler-smart-home",
        "url": "dashboards-crm.html"
      }
    ],
    "Layouts": [
      {
        "name": "Layout Collapsed menu",
        "icon": "tabler-layout-sidebar",
        "url": "layouts-collapsed-menu.html"
      },
      {
        "name": "Layout Content navbar",
        "icon": "tabler-layout-sidebar",
        "url": "layouts-content-navbar.html"
      },
      {
        "name": "Layout Content nav + Sidebar",
        "icon": "tabler-layout-sidebar",
        "url": "layouts-content-navbar-with-sidebar.html"
      },
      {
        "name": "Layout Without menu",
        "icon": "tabler-layout-sidebar",
        "url": "layouts-without-menu.html"
      },
      {
        "name": "Layout Without navbar",
        "icon": "tabler-layout-sidebar",
        "url": "layouts-without-navbar.html"
      },
      {
        "name": "Layout Fluid",
        "icon": "tabler-layout-sidebar",
        "url": "layouts-fluid.html"
      },
      {
        "name": "Layout Container",
        "icon": "tabler-layout-sidebar",
        "url": "layouts-container.html"
      },
      {
        "name": "Layout Blank",
        "icon": "tabler-layout-sidebar",
        "url": "layouts-blank.html"
      }
    ],
    "Apps": [
      {
        "name": "Email",
        "icon": "tabler-mail",
        "url": "app-email.html"
      },
      {
        "name": "Chat",
        "icon": "tabler-messages",
        "url": "app-chat.html"
      },
      {
        "name": "Calendar",
        "icon": "tabler-calendar",
        "url": "app-calendar.html"
      },
      {
        "name": "Kanban",
        "icon": "tabler-layout-kanban",
        "url": "app-kanban.html"
      },
      {
        "name": "eCommerce Dashboard",
        "icon": "tabler-smart-home",
        "url": "app-ecommerce-dashboard.html"
      },
      {
        "name": "eCommerce - Product",
        "icon": "tabler-building-factory-2",
        "url": "app-ecommerce-product-list.html"
      },
      {
        "name": "eCommerce - Product List",
        "icon": "tabler-list-details",
        "url": "app-ecommerce-product-list.html"
      },
      {
        "name": "eCommerce - Add Product",
        "icon": "tabler-plus",
        "url": "app-ecommerce-product-add.html"
      },
      {
        "name": "eCommerce - Category List",
        "icon": "tabler-list",
        "url": "app-ecommerce-category-list.html"
      },
      {
        "name": "eCommerce - Order List",
        "icon": "tabler-list",
        "url": "app-ecommerce-order-list.html"
      },
      {
        "name": "eCommerce - Orders Details",
        "icon": "tabler-list-check",
        "url": "app-ecommerce-order-details.html"
      },
      {
        "name": "eCommerce - Customers",
        "icon": "tabler-user",
        "url": "app-ecommerce-customer-all.html"
      },
      {
        "name": "eCommerce - Customers Overview",
        "icon": "tabler-list-details",
        "url": "app-ecommerce-customer-details-overview.html"
      },
      {
        "name": "eCommerce - Customers Security",
        "icon": "tabler-home-shield",
        "url": "app-ecommerce-customer-details-security.html"
      },
      {
        "name": "eCommerce - Customers Address and Billing",
        "icon": "tabler-map-pin",
        "url": "app-ecommerce-customer-details-billing.html"
      },
      {
        "name": "eCommerce - Customers Notifications",
        "icon": "tabler-bell",
        "url": "app-ecommerce-customer-details-notifications.html"
      },
      {
        "name": "eCommerce - Manage Reviews",
        "icon": "tabler-quote",
        "url": "app-ecommerce-manage-reviews.html"
      },
      {
        "name": "eCommerce - Referrals",
        "icon": "tabler-building-factory-2",
        "url": "app-ecommerce-referral.html"
      },
      {
        "name": "eCommerce - Settings Store Details",
        "icon": "tabler-building-store",
        "url": "app-ecommerce-settings-detail.html"
      },
      {
        "name": "eCommerce - Settings Store Payments",
        "icon": "tabler-currency-dollar",
        "url": "app-ecommerce-settings-payments.html"
      },
      {
        "name": "eCommerce - Settings Store Checkout",
        "icon": "tabler-shopping-cart",
        "url": "app-ecommerce-settings-checkout.html"
      },
      {
        "name": "eCommerce - Settings Shipping & Delivery",
        "icon": "tabler-truck",
        "url": "app-ecommerce-settings-shipping.html"
      },
      {
        "name": "eCommerce - Settings Locations",
        "icon": "tabler-map-pin",
        "url": "app-ecommerce-settings-locations.html"
      },
      {
        "name": "eCommerce - Settings Notifications",
        "icon": "tabler-bell-ringing",
        "url": "app-ecommerce-settings-notifications.html"
      },
      {
        "name": "Academy - Dashboard",
        "icon": "tabler-book",
        "url": "app-academy-dashboard.html"
      },
      {
        "name": "Academy - My Course",
        "icon": "tabler-list",
        "url": "app-academy-course.html"
      },
      {
        "name": "Academy - Course Details",
        "icon": "tabler-list",
        "url": "app-academy-course-details.html"
      },
      {
        "name": "User List",
        "icon": "tabler-list-numbers",
        "url": "app-user-list.html"
      },
      {
        "name": "User View - Account",
        "icon": "tabler-user",
        "url": "app-user-view-account.html"
      },
      {
        "name": "User View - Security",
        "icon": "tabler-shield-chevron",
        "url": "app-user-view-security.html"
      },
      {
        "name": "User View - Billing & Plans",
        "icon": "tabler-file-text",
        "url": "app-user-view-billing.html"
      },
      {
        "name": "User View - Notifications",
        "icon": "tabler-notification",
        "url": "app-user-view-notifications.html"
      },
      {
        "name": "User View - Connections",
        "icon": "tabler-brand-google",
        "url": "app-user-view-connections.html"
      },
      {
        "name": "Roles",
        "icon": "tabler-shield-checkered",
        "url": "app-access-roles.html"
      },
      {
        "name": "Permission",
        "icon": "tabler-ban",
        "url": "app-access-permission.html"
      },
      {
        "name": "Logistics Dashboard",
        "icon": "tabler-truck",
        "url": "app-logistics-dashboard.html"
      },
      {
        "name": "Logistics Fleet",
        "icon": "tabler-car",
        "url": "app-logistics-fleet.html"
      },
      {
        "name": "Invoice List",
        "icon": "tabler-list-numbers",
        "url": "app-invoice-list.html"
      },
      {
        "name": "Invoice Preview",
        "icon": "tabler-file-text",
        "url": "app-invoice-preview.html"
      },
      {
        "name": "Invoice Edit",
        "icon": "tabler-user-plus",
        "url": "app-invoice-edit.html"
      },
      {
        "name": "Invoice Add",
        "icon": "tabler-user-plus",
        "url": "app-invoice-add.html"
      }
    ],
    "Pages": [
      {
        "name": "User Profile",
        "icon": "tabler-user-circle",
        "url": "pages-profile-user.html"
      },
      {
        "name": "User Profile - Teams",
        "icon": "tabler-users",
        "url": "pages-profile-teams.html"
      },
      {
        "name": "User Profile - Projects",
        "icon": "tabler-layout-grid",
        "url": "pages-profile-projects.html"
      },
      {
        "name": "User Profile - Connections",
        "icon": "tabler-link",
        "url": "pages-profile-connections.html"
      },
      {
        "name": "Account Settings - Account",
        "icon": "tabler-user",
        "url": "pages-account-settings-account.html"
      },
      {
        "name": "Account Settings - Security",
        "icon": "tabler-shield-chevron",
        "url": "pages-account-settings-security.html"
      },
      {
        "name": "Account Settings - Billing & Plans",
        "icon": "tabler-file-text",
        "url": "pages-account-settings-billing.html"
      },
      {
        "name": "Account Settings - Notifications",
        "icon": "tabler-notification",
        "url": "pages-account-settings-notifications.html"
      },
      {
        "name": "Account Settings - Connections",
        "icon": "tabler-link",
        "url": "pages-account-settings-connections.html"
      },
      {
        "name": "FAQ",
        "icon": "tabler-help",
        "url": "pages-faq.html"
      },
      {
        "name": "Pricing",
        "icon": "tabler-diamond",
        "url": "pages-pricing.html"
      },
      {
        "name": "Error",
        "icon": "tabler-alert-circle",
        "url": "pages-misc-error.html"
      },
      {
        "name": "Under Maintenance",
        "icon": "tabler-barrier-block",
        "url": "pages-misc-under-maintenance.html"
      },
      {
        "name": "Coming Soon",
        "icon": "tabler-clock",
        "url": "pages-misc-comingsoon.html"
      },
      {
        "name": "Not Authorized",
        "icon": "tabler-user-x",
        "url": "pages-misc-not-authorized.html"
      },
      {
        "name": "Login Basic",
        "icon": "tabler-login",
        "url": "auth-login-basic.html"
      },
      {
        "name": "Login Cover",
        "icon": "tabler-login",
        "url": "auth-login-cover.html"
      },
      {
        "name": "Register Basic",
        "icon": "tabler-user-plus",
        "url": "auth-register-basic.html"
      },
      {
        "name": "Register Cover",
        "icon": "tabler-user-plus",
        "url": "auth-register-cover.html"
      },
      {
        "name": "Register Multi-steps",
        "icon": "tabler-user-plus",
        "url": "auth-register-multisteps.html"
      },
      {
        "name": "Verify Email Basic",
        "icon": "tabler-mail",
        "url": "auth-verify-email-basic.html"
      },
      {
        "name": "Verify Email Cover",
        "icon": "tabler-mail",
        "url": "auth-verify-email-cover.html"
      },
      {
        "name": "Reset Password Basic",
        "icon": "tabler-help",
        "url": "auth-reset-password-basic.html"
      },
      {
        "name": "Reset Password Cover",
        "icon": "tabler-help",
        "url": "auth-reset-password-cover.html"
      },
      {
        "name": "Forgot Password Basic",
        "icon": "tabler-question-mark",
        "url": "auth-forgot-password-basic.html"
      },
      {
        "name": "Forgot Password Cover",
        "icon": "tabler-question-mark",
        "url": "auth-forgot-password-cover.html"
      },
      {
        "name": "Two Steps Verification Basic",
        "icon": "tabler-question-mark",
        "url": "auth-two-steps-basic.html"
      },
      {
        "name": "Two Steps Verification Cover",
        "icon": "tabler-question-mark",
        "url": "auth-two-steps-cover.html"
      },
      {
        "name": "Modal Examples",
        "icon": "tabler-square",
        "url": "modal-examples.html"
      },
      {
        "name": "Checkout Wizard",
        "icon": "tabler-shopping-cart",
        "url": "wizard-ex-checkout.html"
      },
      {
        "name": "Property Listing Wizard",
        "icon": "tabler-building-cottage",
        "url": "wizard-ex-property-listing.html"
      },
      {
        "name": "Create Deal Wizard",
        "icon": "tabler-gift",
        "url": "wizard-ex-create-deal.html"
      }
    ],
    "Front Pages": [
      {
        "name": "Help Center Front",
        "icon": "tabler-progress-help",
        "url": "../front-pages/help-center-landing.html"
      },
      {
        "name": "Landing Front",
        "icon": "tabler-files",
        "url": "../front-pages/landing-page.html"
      },
      {
        "name": "Pricing Front",
        "icon": "tabler-currency-dollar",
        "url": "../front-pages/pricing-page.html"
      },
      {
        "name": "Checkout Front",
        "icon": "tabler-check",
        "url": "../front-pages/checkout-page.html"
      },
      {
        "name": "Payment Front",
        "icon": "tabler-credit-card",
        "url": "../front-pages/payment-page.html"
      }
    ],
    "Components": [
      {
        "name": "Tabler",
        "icon": "tabler-pencil",
        "url": "icons-tabler.html"
      },
      {
        "name": "Font Awesome",
        "icon": "tabler-typography",
        "url": "icons-font-awesome.html"
      },
      {
        "name": "Basic Cards",
        "icon": "tabler-credit-card",
        "url": "cards-basic.html"
      },
      {
        "name": "Advance Cards",
        "icon": "tabler-id",
        "url": "cards-advance.html"
      },
      {
        "name": "Statistics Cards",
        "icon": "tabler-chart-bar",
        "url": "cards-statistics.html"
      },
      {
        "name": "Analytics Cards",
        "icon": "tabler-chart-bar",
        "url": "cards-analytics.html"
      },
      {
        "name": "Actions Cards",
        "icon": "tabler-mouse-2",
        "url": "cards-actions.html"
      },
      {
        "name": "Accordion",
        "icon": "tabler-arrows-maximize",
        "url": "ui-accordion.html"
      },
      {
        "name": "Alerts",
        "icon": "tabler-alert-triangle",
        "url": "ui-alerts.html"
      },
      {
        "name": "Badges",
        "icon": "tabler-badge",
        "url": "ui-badges.html"
      },
      {
        "name": "Buttons",
        "icon": "tabler-circle-plus",
        "url": "ui-buttons.html"
      },
      {
        "name": "Carousel",
        "icon": "tabler-photo",
        "url": "ui-carousel.html"
      },
      {
        "name": "Collapse",
        "icon": "tabler-arrows-minimize",
        "url": "ui-collapse.html"
      },
      {
        "name": "Dropdowns",
        "icon": "tabler-arrow-autofit-height",
        "url": "ui-dropdowns.html"
      },
      {
        "name": "Footer",
        "icon": "tabler-layout-bottombar",
        "url": "ui-footer.html"
      },
      {
        "name": "List Groups",
        "icon": "tabler-list-numbers",
        "url": "ui-list-groups.html"
      },
      {
        "name": "Modals",
        "icon": "tabler-layout",
        "url": "ui-modals.html"
      },
      {
        "name": "Navbar",
        "icon": "tabler-layout-navbar",
        "url": "ui-navbar.html"
      },
      {
        "name": "Offcanvas",
        "icon": "tabler-layout",
        "url": "ui-offcanvas.html"
      },
      {
        "name": "Pagination & Breadcrumbs",
        "icon": "tabler-chevrons-right",
        "url": "ui-pagination-breadcrumbs.html"
      },
      {
        "name": "Progress",
        "icon": "tabler-adjustments-horizontal",
        "url": "ui-progress.html"
      },
      {
        "name": "Spinners",
        "icon": "tabler-loader-2",
        "url": "ui-spinners.html"
      },
      {
        "name": "Tabs & Pills",
        "icon": "tabler-server-2",
        "url": "ui-tabs-pills.html"
      },
      {
        "name": "Toasts",
        "icon": "tabler-box-model",
        "url": "ui-toasts.html"
      },
      {
        "name": "Tooltips & Popovers",
        "icon": "tabler-message-2",
        "url": "ui-tooltips-popovers.html"
      },
      {
        "name": "Typography",
        "icon": "tabler-typography",
        "url": "ui-typography.html"
      },
      {
        "name": "Avatar",
        "icon": "tabler-user-circle",
        "url": "extended-ui-avatar.html"
      },
      {
        "name": "BlockUI",
        "icon": "tabler-window-maximize",
        "url": "extended-ui-blockui.html"
      },
      {
        "name": "Drag & Drop",
        "icon": "tabler-drag-drop",
        "url": "extended-ui-drag-and-drop.html"
      },
      {
        "name": "Media Player",
        "icon": "tabler-music",
        "url": "extended-ui-media-player.html"
      },
      {
        "name": "Perfect Scrollbar",
        "icon": "tabler-arrows-move-vertical",
        "url": "extended-ui-perfect-scrollbar.html"
      },
      {
        "name": "Star Ratings",
        "icon": "tabler-star",
        "url": "extended-ui-star-ratings.html"
      },
      {
        "name": "SweetAlert2",
        "icon": "tabler-alert-triangle",
        "url": "extended-ui-sweetalert2.html"
      },
      {
        "name": "Text Divider",
        "icon": "tabler-separator-horizontal",
        "url": "extended-ui-text-divider.html"
      },
      {
        "name": "Timeline Basic",
        "icon": "tabler-arrows-horizontal",
        "url": "extended-ui-timeline-basic.html"
      },
      {
        "name": "Timeline Fullscreen",
        "icon": "tabler-arrows-horizontal",
        "url": "extended-ui-timeline-fullscreen.html"
      },
      {
        "name": "Tour",
        "icon": "tabler-brand-telegram",
        "url": "extended-ui-tour.html"
      },
      {
        "name": "Treeview",
        "icon": "tabler-git-fork rotate-180",
        "url": "extended-ui-treeview.html"
      },
      {
        "name": "Miscellaneous",
        "icon": "tabler-sitemap",
        "url": "extended-ui-misc.html"
      }
    ],
    "Forms": [
      {
        "name": "Basic Inputs",
        "icon": "tabler-cursor-text",
        "url": "forms-basic-inputs.html"
      },
      {
        "name": "Input groups",
        "icon": "tabler-arrow-autofit-content",
        "url": "forms-input-groups.html"
      },
      {
        "name": "Custom Options",
        "icon": "tabler-circle",
        "url": "forms-custom-options.html"
      },
      {
        "name": "Editors",
        "icon": "tabler-text-resize",
        "url": "forms-editors.html"
      },
      {
        "name": "File Upload",
        "icon": "tabler-file-upload",
        "url": "forms-file-upload.html"
      },
      {
        "name": "Pickers",
        "icon": "tabler-edit-circle",
        "url": "forms-pickers.html"
      },
      {
        "name": "Select & Tags",
        "icon": "tabler-select",
        "url": "forms-selects.html"
      },
      {
        "name": "Sliders",
        "icon": "tabler-adjustments-horizontal",
        "url": "forms-sliders.html"
      },
      {
        "name": "Switches",
        "icon": "tabler-toggle-right",
        "url": "forms-switches.html"
      },
      {
        "name": "Extras",
        "icon": "tabler-circle-plus",
        "url": "forms-extras.html"
      },
      {
        "name": "Vertical Form",
        "icon": "tabler-file-text",
        "url": "form-layouts-vertical.html"
      },
      {
        "name": "Horizontal Form",
        "icon": "tabler-file-text",
        "url": "form-layouts-horizontal.html"
      },
      {
        "name": "Sticky Actions",
        "icon": "tabler-file-text",
        "url": "form-layouts-sticky.html"
      },
      {
        "name": "Numbered Wizard",
        "icon": "tabler-text-wrap-disabled",
        "url": "form-wizard-numbered.html"
      },
      {
        "name": "Icons Wizard",
        "icon": "tabler-text-wrap-disabled",
        "url": "form-wizard-icons.html"
      },
      {
        "name": "Form Validation",
        "icon": "tabler-checkbox",
        "url": "form-validation.html"
      }
    ],
    "Tables": [
      {
        "name": "Tables",
        "icon": "tabler-table",
        "url": "tables-basic.html"
      },
      {
        "name": "Datatable Basic",
        "icon": "tabler-layout-grid",
        "url": "tables-datatables-basic.html"
      },
      {
        "name": "Datatable Advanced",
        "icon": "tabler-layout-grid",
        "url": "tables-datatables-advanced.html"
      },
      {
        "name": "Datatable Extensions",
        "icon": "tabler-layout-grid",
        "url": "tables-datatables-extensions.html"
      }
    ],
    "Charts & Maps": [
      {
        "name": "Apex Charts",
        "icon": "tabler-chart-line",
        "url": "charts-apex.html"
      },
      {
        "name": "ChartJS",
        "icon": "tabler-chart-bar",
        "url": "charts-chartjs.html"
      },
      {
        "name": "Leaflet Maps",
        "icon": "tabler-map-pin",
        "url": "maps-leaflet.html"
      }
    ],
    "files": [
      {
        "name": "Class Attendance",
        "subtitle": "By Tommy Shelby",
        "src": "img/icons/misc/search-xls.png",
        "meta": "17kb",
        "url": "javascript:;"
      },
      {
        "name": "Passport Image",
        "subtitle": "By William Budd",
        "src": "img/icons/misc/search-jpg.png",
        "meta": "35kb",
        "url": "javascript:;"
      },
      {
        "name": "Class Notes",
        "subtitle": "By Laurel Lance",
        "src": "img/icons/misc/search-doc.png",
        "meta": "153kb",
        "url": "javascript:;"
      },
      {
        "name": "Receipt",
        "subtitle": "By Donnie Darko",
        "src": "img/icons/misc/search-jpg.png",
        "meta": "25kb",
        "url": "javascript:;"
      },
      {
        "name": "Social Guide",
        "subtitle": "By Ryan Middleton",
        "src": "img/icons/misc/search-doc.png",
        "meta": "39kb",
        "url": "javascript:;"
      },
      {
        "name": "Expenses",
        "subtitle": "By Slade Wilson",
        "src": "img/icons/misc/search-xls.png",
        "meta": "15kb",
        "url": "javascript:;"
      },
      {
        "name": "Documentation",
        "subtitle": "By Walter White",
        "src": "img/icons/misc/search-doc.png",
        "meta": "200kb",
        "url": "javascript:;"
      },
      {
        "name": "Avatar",
        "subtitle": "By Ross Geller",
        "src": "img/icons/misc/search-jpg.png",
        "meta": "100kb",
        "url": "javascript:;"
      },
      {
        "name": "Data",
        "subtitle": "By Erik Foreman",
        "src": "img/icons/misc/search-xls.png",
        "meta": "5kb",
        "url": "javascript:;"
      },
      {
        "name": "Gardening Guide",
        "subtitle": "By Jerry Seinfeld",
        "src": "img/icons/misc/search-doc.png",
        "meta": "25kb",
        "url": "javascript:;"
      }
    ],
    "members": [
      {
        "name": "John Doe",
        "subtitle": "Admin",
        "src": "img/avatars/1.png",
        "url": "app-user-view-account.html"
      },
      {
        "name": "Micheal Clarke",
        "subtitle": "Customer",
        "src": "img/avatars/2.png",
        "url": "app-user-view-account.html"
      },
      {
        "name": "Melina Gibson",
        "subtitle": "Staff",
        "src": "img/avatars/5.png",
        "url": "app-user-view-account.html"
      },
      {
        "name": "Anna Strong",
        "subtitle": "Staff",
        "src": "img/avatars/7.png",
        "url": "app-user-view-account.html"
      },
      {
        "name": "Stephanie Gould",
        "subtitle": "Customer",
        "src": "img/avatars/3.png",
        "url": "app-user-view-account.html"
      },
      {
        "name": "David Budd",
        "subtitle": "Admin",
        "src": "img/avatars/10.png",
        "url": "app-user-view-account.html"
      },
      {
        "name": "Mark Shepiro",
        "subtitle": "Admin",
        "src": "img/avatars/12.png",
        "url": "app-user-view-account.html"
      }
    ]
  },
  "suggestions": {
    "Popular Searches": [
      {
        "name": "Analytics",
        "icon": "tabler-smart-home",
        "url": "index.html"
      },
      {
        "name": "CRM",
        "icon": "tabler-vector-bezier-circle",
        "url": "dashboards-crm.html"
      },
      {
        "name": "eCommerce",
        "icon": "tabler-smart-home",
        "url": "app-ecommerce-dashboard.html"
      },
      {
        "name": "User List",
        "icon": "tabler-list-numbers",
        "url": "app-user-list.html"
      }
    ],
    "Apps & Pages": [
      {
        "name": "Calendar",
        "icon": "tabler-calendar",
        "url": "app-calendar.html"
      },
      {
        "name": "Invoice List",
        "icon": "tabler-list-numbers",
        "url": "app-invoice-list.html"
      },
      {
        "name": "Account Settings",
        "icon": "tabler-user",
        "url": "pages-account-settings-account.html"
      },
      {
        "name": "Dialog Examples",
        "icon": "tabler-square",
        "url": "modal-examples.html"
      }
    ],
    "User Interface": [
      {
        "name": "Typography",
        "icon": "tabler-typography",
        "url": "ui-typography.html"
      },
      {
        "name": "Advanced Cards",
        "icon": "tabler-id",
        "url": "cards-advance.html"
      },
      {
        "name": "Tabler",
        "icon": "tabler-pencil",
        "url": "icons-tabler.html"
      },
      {
        "name": "Widget Cards",
        "icon": "tabler-id",
        "url": "cards-advance.html"
      }
    ],
    "Forms & Charts": [
      {
        "name": "Form Layouts",
        "icon": "tabler-file",
        "url": "form-layouts-vertical.html"
      },
      {
        "name": "Form Validation",
        "icon": "tabler-checkbox",
        "url": "form-validation.html"
      },
      {
        "name": "Form Wizard",
        "icon": "tabler-text-wrap-disabled",
        "url": "form-wizard-numbered.html"
      },
      {
        "name": "E-Charts",
        "icon": "tabler-chart-line",
        "url": "charts-apex.html"
      }
    ]
  }
}